dotCount	x	y	frequency	colour	size	pval	description	legend	members	representative	user
1	-0.13252402098149638	-0.9691212755893923	1.0830573472116387	0.0	0.6931471805599453	1.0	synapse	1. synapse	['GO:0045202']	GO:0045202	87.0
2	0.43794345600269047	-0.6454015478510121	1.4886571810973328	0.3010299956639812	0.6931471805599453	2.0	mitochondrial ribosome	2. mitochondrial ribosome	['GO:0005761']	GO:0005761	43.0
3	0.31313941871358364	0.8009646341371779	0.5999022579530443	0.47712125471966244	0.6931471805599453	3.0	mitochondrion	3. mitochondrion	['GO:0005739']	GO:0005739	379.0
4	-0.770674263131728	-0.6186550750988073	1.1931773999607413	0.6020599913279624	0.6931471805599453	4.0	neuron projection	4. neuron projection	['GO:0043005']	GO:0043005	108.0
5	-0.9003304295376847	0.2547325890029058	-1.268655764030557	0.6989700043360189	0.6931471805599453	5.0	membrane	5. membrane	['GO:0016020']	GO:0016020	1186.0
6	-0.5005075769315633	0.8342716836362732	0.9347918893707524	0.7781512503836436	0.6931471805599453	6.0	plasma membrane region	6. plasma membrane region	['GO:0098590']	GO:0098590	70.0
7	0.9480935379891249	0.28954467042724213	0.8097955537924798	0.8450980400142568	1.0986122886681098	7.0	transmembrane transporter complex	7. transmembrane transporter complex	['GO:1902495', 'GO:0061695']	GO:1902495	55.0
8	-0.3863385444946326	0.17142284461760213	0.5316849033122849	0.9030899869919435	0.6931471805599453	8.0	mitochondrial inner membrane	8. mitochondrial inner membrane	['GO:0005743']	GO:0005743	100.0
9	0.9911984223717064	-0.11775852328198984	1.102450317740595	0.9542425094393249	0.6931471805599453	9.0	mitochondrial protein-containing co...	9. mitochondrial protein-containing co...	['GO:0098798']	GO:0098798	110.0
