dotCount	x	y	frequency	colour	size	pval	description	legend	members	representative	user
1	-0.5185151320538616	-0.7889028960127624	0.9445764592244168	0.0	0.6931471805599453	1.0	G protein-coupled receptor activity	1. G protein-coupled receptor activity	['GO:0004930']	GO:0004930	72.0
2	-0.7478979770597596	0.6084929471374907	0.5540761258275784	0.3010299956639812	0.6931471805599453	2.0	catalytic activity, acting on a tRN...	2. catalytic activity, acting on a tRN...	['GO:0140101']	GO:0140101	58.0
3	-0.924208890074809	-0.07338941649571579	0.5784764349945803	0.47712125471966244	0.6931471805599453	3.0	nuclease activity	3. nuclease activity	['GO:0004518']	GO:0004518	61.0
4	0.23625353309892994	-0.9042501845961632	0.8471476199925695	0.6020599913279624	1.0986122886681098	4.0	molecular function regulator activi...	4. molecular function regulator activi...	['GO:0098772', 'GO:0048018']	GO:0098772	233.0
5	0.8662616809257855	-0.4295198253173855	0.9153714672063533	0.7781512503836436	1.3862943611198906	6.0	secondary active transmembrane tran...	5. secondary active transmembrane tran...	['GO:0015291', 'GO:0005261', 'GO:0046873']	GO:0015291	47.0
6	0.2104600958266482	0.9269015967714206	1.296377310974389	0.9030899869919435	0.6931471805599453	8.0	RNA polymerase II cis-regulatory re...	6. RNA polymerase II cis-regulatory re...	['GO:0000978']	GO:0000978	178.0
7	0.08106451644274738	0.2219143522323806	1.1502067578471353	1.0	0.6931471805599453	10.0	phospholipid binding	7. phospholipid binding	['GO:0005543']	GO:0005543	59.0
8	0.7965821728943192	0.4387534262807347	1.0297566394245692	1.041392685158225	0.6931471805599453	11.0	signaling receptor binding	8. signaling receptor binding	['GO:0005102']	GO:0005102	86.0
